Workbook

Sheet Datasheet
A1: Date | B1: Employee | C1: Department | D1: Work_Hours | E1: Late | F1: Overtime | G1: Status
A2: 01-Jun-26 | B2: Rahul | C2: IT | D2: 9.17 | E2: No | F2: 1.17 | G2: Present | H2: =DATEVALUE(A2) -> 46174
A3: 01-Jun-26 | B3: Priya | C3: Finance | D3: 8.42 | E3: Yes | F3: 0.42 | G3: Present
A4: 01-Jun-26 | B4: Amit | C4: HR | D4: 8.58 | E4: No | F4: 0.58 | G4: Present
G23: =ISNUMBER(A2) -> FALSE

Sheet dashboard
B3: Attendance % | C3: Total Overtime | D3: Late Arrivals | E3: Absent Employees
B4: =(COUNTIF(Datasheet!G:G,"Present")/COUNTA(Datasheet!B:B)) -> 0.75 | C4: =SUM(Datasheet!D:D) -> 26.17 | D4: =COUNTIF(Datasheet!A:A,"Yes") -> 0 | E4: =COUNTIF(Datasheet!A:A,"Absent") -> 0

Sheet Summary
A1: Department | B1: Attendance %
A2: IT | B2: =COUNTIFS(Datasheet!C:C,"IT",Datasheet!G:G,"Present") / COUNTIF(Datasheet!C:C,"IT") -> 1 | G2: Department | H2: Total Overtime
A3: Finance | B3: =COUNTIFS(Datasheet!C:C,"Finance",Datasheet!G:G,"Present") / COUNTIF(Datasheet!C:C,"Finance") -> 1 | G3: HR | H3: =SUMIFS(Datasheet!F:F, Datasheet!C:C, G3) -> 0.58
A4: HR | B4: =COUNTIFS(Datasheet!C:C,"HR",Datasheet!G:G,"Present") / COUNTIF(Datasheet!C:C,"HR") -> 1 | G4: Finance | H4: =SUMIFS(Datasheet!F:F, Datasheet!C:C, G4) -> 0.42
A5: Operations | B5: =D12 -> 0 | G5: IT | H5: =SUMIFS(Datasheet!F:F, Datasheet!C:C, G5) -> 1.17
G14: =COUNT(F:F) -> 0
A15: Department | B15: Avg Working Hours | G15: =COUNTIF(C:C,"HR") -> 0
A16: HR | B16: =AVERAGEIF(Datasheet!C2:C4, A16, Datasheet!D2:D4) -> 8.58 | G16: Employee | H16: Working Hours | I16: Overtime
A17: Finance | B17: =AVERAGEIF(Datasheet!C2:C4, A17, Datasheet!D2:D4) -> 8.42 | G17: =Datasheet!B2 -> Rahul | H17: =Datasheet!D2 -> 9.17 | I17: =Datasheet!F2 -> 1.17
A18: IT | B18: =AVERAGEIF(Datasheet!C2:C4, A18, Datasheet!D2:D4) -> 9.17 | G18: =Datasheet!B3 -> Priya | H18: =Datasheet!D3 -> 8.42 | I18: =Datasheet!F3 -> 0.42
G19: =Datasheet!B4 -> Amit | H19: =Datasheet!D4 -> 8.58 | I19: =Datasheet!F4 -> 0.58
